subject,treatment,time,logvol_norm
1,control,0,0.0
1,control,3,0.151078816618615
1,control,6,0.185763532989507
1,control,14,0.566512860484033
1,control,17,0.77897913677529
1,control,21,0.915792830366212
1,control,24,1.06248405149502
1,control,28,1.26850278215763
1,control,31,1.11658774677702
1,control,36,1.3519755854258
1,BYL719,0,0.0
1,BYL719,3,-0.104162662872861
1,BYL719,7,-0.204594029969156
1,BYL719,10,-0.392968801165849
1,BYL719,15,-0.465960270603723
1,BYL719,20,-0.356622995413249
1,BYL719,23,-0.501453391756678
1,BYL719,29,-0.368316050246226
1,BYL719,36,-0.1745013891509
1,BYL719,42,-0.194427361395895
1,BYL719,45,-0.175214149035817
1,BYL719,51,-0.199200463580517
1,BYL719,56,0.218520447073827
1,BYL719,59,0.0811797266243171
1,BYL719,62,0.164434004180922
1,BYL719,64,-0.0059226000703838
1,BYL719,69,0.416235926097671
1,BYL719,72,0.477701909228676
1,binimetinib,0,0.0
1,binimetinib,7,-0.0630748057660512
1,binimetinib,10,-0.340782407630016
1,binimetinib,14,0.0018994054224659
1,binimetinib,17,0.0457977445761888
1,binimetinib,21,-0.198563544514603
1,binimetinib,24,-0.160112270887114
1,binimetinib,29,-0.0312508619360898
1,combination,0,0.0
1,combination,4,-0.592014850375904
1,combination,9,-1.99062760969054
1,combination,14,-2.08429973983763
1,combination,17,-2.66133707309085
1,combination,20,-3.05117012222594
1,combination,23,-3.41229501606168
1,combination,30,-3.1581325512474
1,combination,36,-3.2104229378891
1,combination,39,-2.58507257286981
1,combination,42,-2.78816881412373
1,combination,45,-3.02919953119478
1,combination,50,-3.01257612738203
1,combination,53,-3.09500183646878
1,combination,56,-3.03265501995784
1,combination,58,-3.26234399584089
1,combination,63,-3.09115115727517
1,combination,67,-2.47616824471596
1,combination,71,-2.74578898632756
1,combination,74,-2.32698780192051
1,combination,79,-2.08406830200169
1,combination,81,-1.90920673419358
1,combination,85,-1.97958604398142
1,combination,87,-1.11870169423009
1,combination,92,-1.4586428490162
1,combination,98,-1.43710215963053
2,control,0,0.0
2,control,5,0.218697836472598
2,control,9,0.633081587246509
2,control,12,0.797992084756233
2,control,16,1.02485868590678
2,control,19,1.27217660233041
2,control,22,1.44950081235213
2,control,26,1.6953324884192
2,control,29,1.96870157858082
2,control,33,1.95722284161037
2,BYL719,0,0.0
2,BYL719,3,0.0771011203423547
2,BYL719,7,0.0681833601042158
2,BYL719,10,0.29765793296743
2,BYL719,14,0.279623525605236
2,BYL719,18,0.177605536055857
2,BYL719,24,0.59890193832745
2,BYL719,28,0.744518484688816
2,BYL719,31,0.810428727232197
2,BYL719,35,0.917012111880595
2,BYL719,38,1.26003349687862
2,BYL719,43,1.27398645434283
2,BYL719,46,1.37725569716445
2,BYL719,49,1.57466335157241
2,BYL719,52,1.86459217767576
2,BYL719,56,1.8790806290925
2,BYL719,59,2.00604404401041
2,BYL719,64,2.0997892683815
2,BYL719,67,2.2992739995404
2,BYL719,71,2.47031357102245
2,BYL719,74,2.61414636189208
2,BYL719,78,2.65247835655342
2,BYL719,81,2.85582824723171
2,BYL719,86,2.89186140072225
2,BYL719,88,3.04433234645526
2,BYL719,93,3.29563215542036
2,binimetinib,0,0.0
2,binimetinib,1,-0.0690970951848801
2,binimetinib,4,-0.393200190949146
2,binimetinib,7,-0.566287850238272
2,binimetinib,11,-0.30862765728073
2,binimetinib,14,-0.72981096004599
2,binimetinib,18,-0.714647757423167
2,binimetinib,21,-0.618058883598838
2,binimetinib,25,-0.594492576242175
2,binimetinib,28,-0.633729113253577
2,binimetinib,34,-0.557888421117652
2,binimetinib,41,-0.112349131152832
2,binimetinib,46,-0.118220389057338
2,binimetinib,49,0.287105415088121
2,binimetinib,53,0.378555472495258
2,binimetinib,56,0.562499056829648
2,binimetinib,60,0.640698793389314
2,binimetinib,64,0.745709460108958
2,binimetinib,70,1.08549071929
2,binimetinib,74,1.14760676164039
2,binimetinib,77,1.32854842689285
2,binimetinib,81,1.51186784763785
2,binimetinib,84,1.56271128126998
2,binimetinib,89,1.78520192652036
2,binimetinib,92,2.13513092168355
2,binimetinib,95,2.08086574718054
2,combination,0,0.0
2,combination,4,-1.72464559342912
2,combination,10,-2.20147653243475
2,combination,14,-2.91282026939332
2,combination,17,-3.42255200432487
2,combination,21,-3.53406964051661
2,combination,24,-3.25475726401756
2,combination,29,-4.00753121150676
2,combination,32,-3.88838269009758
2,combination,35,-4.07834981119331
3,control,0,0.0
3,control,6,0.0680190708594938
3,control,9,0.22707986229507
3,control,12,0.543940060890761
3,control,15,0.691405278244439
3,control,20,0.943537460376506
3,control,23,1.05499583519837
3,control,26,1.08470350000831
3,control,28,1.24095377011265
3,control,33,1.22816983716415
3,control,36,1.41134646045298
3,BYL719,0,0.0
3,BYL719,3,-0.160895305946822
3,BYL719,8,-0.138195418860922
3,BYL719,11,-0.0985105531475971
3,BYL719,14,-0.162993019918579
3,BYL719,16,-0.159224100969512
3,BYL719,21,-0.304648768854928
3,BYL719,25,-0.0740864402381526
3,BYL719,29,0.0684394960579977
3,BYL719,34,0.306678972507072
3,BYL719,38,0.370812542067657
3,BYL719,41,0.338603489662361
3,BYL719,44,0.534906937849965
3,BYL719,48,0.639904001620839
3,binimetinib,0,0.0
3,binimetinib,3,-0.0891987821872187
3,binimetinib,6,-0.211891157862139
3,binimetinib,9,-0.277027151598532
3,binimetinib,14,-0.188393175602206
3,binimetinib,17,-0.30384193736619
3,binimetinib,20,-0.188408780591448
3,binimetinib,22,-0.0939745171282013
3,binimetinib,27,-0.0474999641487244
3,binimetinib,31,0.0287920425606493
3,binimetinib,35,0.184672147989059
3,binimetinib,38,0.293974727077926
3,binimetinib,41,0.3568413380723
3,binimetinib,44,0.453517722569644
3,binimetinib,48,0.369043678502202
3,binimetinib,55,0.853272186576296
3,combination,0,0.0
3,combination,3,-0.190664953253455
3,combination,8,-1.4888988702709
3,combination,11,-1.25347917472866
3,combination,14,-1.68191860767136
3,combination,16,-2.6127502476135
3,combination,25,-2.42341306227773
3,combination,29,-2.58423327687607
3,combination,32,-2.06857178200351
3,combination,37,-2.15451110436602
3,combination,43,-3.03771428955277
3,combination,45,-2.05344872780649
3,combination,50,-2.10738954600012
3,combination,56,-1.20409581222147
3,combination,60,-0.557340689351463
3,combination,64,-1.48389827311884
3,combination,68,-0.816335317932968
3,combination,72,-1.00373069988539
3,combination,78,-0.321657128194841
4,control,0,0.0
4,control,3,0.314597692015005
4,control,7,0.619718439457032
4,control,10,0.741091428289509
4,control,13,0.937540848495776
4,control,16,1.02073098640606
4,control,21,1.50947767946697
4,control,28,1.79861853772793
4,control,30,1.8268945983671
4,control,35,2.00612122227106
4,control,42,2.55819666382017
4,control,46,2.68833683825354
4,control,50,2.99978547915751
4,BYL719,0,0.0
4,BYL719,1,-0.142715871487299
4,BYL719,6,0.229337117039453
4,BYL719,9,0.0730680090505686
4,BYL719,13,0.134534131773551
4,BYL719,15,0.33047017676098
4,BYL719,19,0.381459171733032
4,BYL719,22,0.519700303493557
4,BYL719,27,0.711448686753683
4,BYL719,33,0.952111955067757
4,BYL719,38,1.23815296250214
4,BYL719,42,1.59791139033576
4,BYL719,48,1.92715509686775
4,BYL719,55,1.92565389344654
4,binimetinib,0,0.0
4,binimetinib,3,0.143212297634163
4,binimetinib,8,0.327022138080557
4,binimetinib,11,0.407969026589543
4,binimetinib,15,0.381081265037653
4,binimetinib,17,0.619057028184329
4,binimetinib,21,0.686157000548737
4,binimetinib,24,0.803775832998194
4,binimetinib,29,1.23113653582932
4,binimetinib,33,1.14331668988959
4,binimetinib,38,1.36868759924871
4,binimetinib,42,1.79412951382741
4,binimetinib,45,1.91123479565876
4,combination,0,0.0
4,combination,4,-0.546600859775728
4,combination,8,-0.408405797900634
4,combination,10,-1.00117816247771
4,combination,14,-0.903907277062126
4,combination,17,-0.949589101660879
4,combination,22,-1.1180782980252
4,combination,25,-0.791849170835738
4,combination,30,-0.793901345720657
4,combination,35,-0.414958324586478
4,combination,39,-0.426481973959342
4,combination,43,-0.458142249735798
4,combination,46,-0.321209602850465
4,combination,49,0.0254509808285577
4,combination,52,0.191444594147358
4,combination,57,0.352255326789007
4,combination,64,0.512749788025659
4,combination,66,0.617770575103094
4,combination,70,1.46028943234297
4,combination,73,1.03759852756712
4,combination,79,1.46375758929029
4,combination,81,1.20788092862276
4,combination,85,1.80649930871251
4,combination,88,1.71977294324457
4,combination,91,2.41964019355865
4,combination,98,2.36189435588538
5,control,0,0.0
5,control,3,0.368844778935988
5,control,9,0.725294891406663
5,control,11,0.71349106906712
5,control,14,0.937740092971087
5,control,18,1.19948917925843
5,control,23,1.27642931115351
5,control,28,1.85887440691142
5,control,34,2.10410915839192
5,control,39,2.6385081003841
5,control,43,2.70794864839923
5,control,47,2.82405230108097
5,BYL719,0,0.0
5,BYL719,4,0.0197106077991314
5,BYL719,9,-0.0044293609159024
5,BYL719,14,0.446791721945975
5,BYL719,18,0.655078896434872
5,BYL719,22,0.558787923442986
5,BYL719,25,0.668409546411534
5,BYL719,28,0.786155748146817
5,BYL719,32,1.16955427315513
5,BYL719,38,1.45104284134889
5,BYL719,45,1.70302323126292
5,BYL719,49,1.90858265765848
5,BYL719,53,2.1177084850796
5,BYL719,57,2.03976545056242
5,BYL719,60,2.26133302472857
5,BYL719,68,2.71952382886296
5,binimetinib,0,0.0
5,binimetinib,3,-0.0014363264501256
5,binimetinib,9,0.187437980813591
5,binimetinib,11,0.22263423393791
5,binimetinib,14,0.578337571723714
5,binimetinib,18,0.57175589739703
5,binimetinib,23,0.838300455215501
5,binimetinib,28,0.969896527668232
5,binimetinib,32,1.24159684592779
5,binimetinib,36,1.54572056837169
5,binimetinib,39,1.57493432454024
5,binimetinib,43,1.81928041410174
5,binimetinib,46,2.11329332018121
5,binimetinib,49,2.23654519631514
5,binimetinib,53,2.4747032630241
5,binimetinib,59,2.68135072927157
5,binimetinib,63,2.85897988735145
5,binimetinib,67,3.0406353123894
5,binimetinib,70,3.40721026795664
5,binimetinib,74,3.40283857770659
5,binimetinib,78,3.76835745253219
5,binimetinib,81,3.82464367396648
5,binimetinib,84,3.95564303946696
5,binimetinib,87,4.17388643585924
5,binimetinib,92,4.24444366875282
5,combination,0,0.0
5,combination,3,-0.64992760504371
5,combination,6,-0.335207803637388
5,combination,10,-0.84953957358567
5,combination,16,-0.379602448685676
5,combination,20,-1.30328931453627
5,combination,24,-1.1339925544883
5,combination,27,-0.72549758044548
5,combination,31,-0.850116669245341
5,combination,35,-1.35415785957762
5,combination,38,-0.347954527519263
5,combination,41,-0.405675317882353
5,combination,44,-0.870159867988816
5,combination,49,-0.10840874604508
5,combination,52,-0.0553858240192024
5,combination,56,-0.39830634880172
5,combination,59,0.390696425620581
5,combination,62,0.0686039194614896
5,combination,67,1.17248268002351
5,combination,70,1.09751970820716
5,combination,73,0.499855601186741
5,combination,76,1.16267735157266
5,combination,80,1.52459063353958
5,combination,83,1.62546672741594
5,combination,87,1.93879674038864
5,combination,90,2.11843214108421
5,combination,92,2.62280083585975
6,control,0,0.0
6,control,3,0.2967679810121
6,control,7,0.308780785774125
6,control,10,0.446920302643524
6,control,14,0.61310000052167
6,control,17,0.735667851852289
6,control,21,1.01735726240997
6,control,24,1.05580842638404
6,control,28,1.26525396376558
6,control,31,1.3788632522283
6,control,38,1.47662406695207
6,control,42,1.39571671703245
6,control,46,1.54302585760653
6,control,49,1.52906969619274
6,BYL719,0,0.0
6,BYL719,1,0.0535167459398001
6,BYL719,8,-0.11698421632982
6,BYL719,12,-0.0966271349691333
6,BYL719,16,0.0528849978821637
6,BYL719,19,0.23634301097132
6,BYL719,22,0.228060276778032
6,BYL719,26,0.317458463881065
6,BYL719,29,0.384754245958843
6,BYL719,34,0.503949310238965
6,BYL719,40,0.475317963405899
6,BYL719,43,0.580069702930543
6,BYL719,47,0.87377841059778
6,BYL719,50,0.920346467824401
6,BYL719,54,1.03963553181785
6,BYL719,57,1.11301828810856
6,BYL719,61,1.08219146581297
6,BYL719,65,1.35671317166938
6,BYL719,68,1.34956032183376
6,BYL719,71,1.29952244483339
6,BYL719,76,1.47606934823928
6,BYL719,79,1.66664114251103
6,BYL719,82,1.77165528894779
6,BYL719,85,1.71054905966247
6,BYL719,90,1.84976450966257
6,binimetinib,0,0.0
6,binimetinib,3,0.264578835996863
6,binimetinib,7,0.102543155640296
6,binimetinib,10,0.230995607043478
6,binimetinib,14,0.522415982996338
6,binimetinib,17,0.492898941560393
6,binimetinib,21,0.576718702614966
6,binimetinib,24,0.715108225807832
6,binimetinib,28,0.880083702756888
6,binimetinib,31,1.08906074139503
6,binimetinib,38,1.21778903903797
6,binimetinib,42,1.35045418162728
6,binimetinib,46,1.22630987130079
6,binimetinib,49,1.37469841272374
6,binimetinib,52,1.55609991676392
6,binimetinib,56,1.62958073666923
6,binimetinib,59,1.8082623165311
6,binimetinib,64,1.64848279145189
6,binimetinib,70,1.88159599327412
6,binimetinib,73,1.85510359153862
6,binimetinib,77,1.87131453908055
6,binimetinib,80,1.93402482446377
6,binimetinib,84,2.0752513059669
6,binimetinib,87,1.95937413587401
6,binimetinib,91,2.07815706728163
6,combination,0,0.0
6,combination,4,-0.246794687115358
6,combination,7,-0.703747853787949
6,combination,10,-0.963710398078879
6,combination,14,-0.519313421660701
6,combination,17,-0.676507464464156
6,combination,22,-0.879081002410318
6,combination,28,-0.76394412719283
6,combination,31,-0.861681754987025
6,combination,35,-0.138709005997152
6,combination,38,-0.696569165967933
6,combination,42,0.0398136151633424
6,combination,45,-0.256788565668786
6,combination,49,0.195563228889807
6,combination,53,-0.165977895970493
6,combination,56,0.516777234782054
6,combination,59,0.819065879350018
6,combination,64,-0.122550718729602
6,combination,67,0.322317621073179
6,combination,70,0.779764462665032
6,combination,73,0.0912725387160682
6,combination,78,0.631083522254344
6,combination,81,0.907880891432072
6,combination,85,1.55370817046443
6,combination,88,0.898501031437521
7,control,0,0.0
7,control,1,0.0524229728878911
7,control,5,0.316999327668655
7,control,10,0.247055524850791
7,control,20,0.76754494946515
7,control,25,0.836791098971576
7,control,33,1.05312792357793
7,control,39,1.45531189285189
7,control,44,1.2709295485099
7,control,49,1.39122845442114
7,control,53,1.55816684340294
7,control,58,1.47178231447897
7,control,61,1.67336515864382
7,BYL719,0,0.0
7,BYL719,7,0.0443238774727685
7,BYL719,15,-0.0753590375313622
7,BYL719,20,-0.08435096676571
7,BYL719,24,0.200794644982005
7,BYL719,29,0.213327245874557
7,BYL719,33,0.269503197143809
7,BYL719,38,0.29987471520317
7,BYL719,48,0.735438547190579
7,binimetinib,0,0.0
7,binimetinib,5,-0.223840415275422
7,binimetinib,9,-0.13967370209523
7,binimetinib,13,-0.106178890199869
7,binimetinib,16,-0.167494834679879
7,binimetinib,20,-0.0683400019768982
7,binimetinib,24,-0.188699337531536
7,binimetinib,27,-0.0867250829232411
7,binimetinib,30,-0.0579296730928029
7,binimetinib,35,0.162698694132361
7,binimetinib,40,0.0079825517486734
7,binimetinib,44,0.317806158820309
7,binimetinib,48,0.206901284981292
7,binimetinib,52,0.487623086521448
7,binimetinib,56,0.420353689398818
7,binimetinib,60,0.405602085912254
7,combination,0,0.0
7,combination,1,-0.329994843017853
7,combination,5,-1.19952118844021
7,combination,10,-0.656033844967625
7,combination,25,-2.34461105426819
7,combination,33,-2.25012783595085
7,combination,40,-2.38211166019697
7,combination,49,-1.86974481488824
7,combination,53,-1.39453016646653
7,combination,58,-1.12595588312398
7,combination,61,-1.38815066763744
7,combination,65,-1.70534808607303
7,combination,69,-1.05109779484854
7,combination,72,-0.88189993442367
7,combination,76,-1.00277529881139
7,combination,83,-0.832433448191563
8,control,0,0.0
8,control,4,0.159607988077591
8,control,7,0.329443469594502
8,control,11,0.281623460362105
8,control,14,0.38849792862466
8,control,18,0.549432867707474
8,control,21,0.626431219227195
8,control,25,0.69396198348125
8,control,28,0.918439896688213
8,control,32,0.950381714430025
8,control,35,0.882499486034318
8,control,42,0.986712275421623
8,control,46,1.28347749654781
8,control,50,1.2940857621888
8,control,53,1.15735070005781
8,control,56,1.20489896569332
8,control,60,1.38931404010022
8,control,63,1.39959444340664
8,control,68,1.51916680195401
8,control,74,1.57514367991615
8,control,77,1.47970095941882
8,control,81,1.54726263527151
8,control,84,1.5837468935865
8,control,88,1.57377602119723
8,BYL719,0,0.0
8,BYL719,5,-0.0483542186252763
8,BYL719,8,-0.405982905151844
8,BYL719,12,-0.439875471130788
8,BYL719,15,-0.572746637265962
8,BYL719,19,-0.41077756251966
8,BYL719,22,-0.595767877902969
8,BYL719,26,-0.376290195672493
8,BYL719,29,-0.243977107635342
8,BYL719,33,-0.378886509203148
8,BYL719,36,-0.20725301373197
8,BYL719,43,-0.0235813440265742
8,BYL719,47,0.016991498982834
8,BYL719,50,-8.65172533244807e-05
8,BYL719,54,0.172322909139297
8,BYL719,57,0.144198380253448
8,BYL719,64,0.354899751406458
8,BYL719,68,0.494362988640618
8,BYL719,72,0.645889429666537
8,BYL719,75,0.611342181953528
8,BYL719,78,0.564308117862159
8,binimetinib,0,0.0
8,binimetinib,3,-0.1260824621187
8,binimetinib,6,-0.466573745523607
8,binimetinib,10,-0.521707808201204
8,binimetinib,13,-0.802356640679362
8,binimetinib,17,-0.541735758277942
8,binimetinib,20,-0.451677701455784
8,binimetinib,24,-0.712713452042938
8,binimetinib,27,-0.604116675344901
8,binimetinib,31,-0.437336068669653
8,binimetinib,34,-0.638650956117124
8,binimetinib,38,-0.496374173922025
8,binimetinib,41,-0.529572621895011
8,binimetinib,45,-0.173426786998929
8,binimetinib,48,-0.273990090613148
8,binimetinib,52,-0.0341411534937639
8,binimetinib,55,-0.139655066622037
8,binimetinib,59,0.0909200647591265
8,binimetinib,62,0.255638799804486
8,binimetinib,66,0.321537569238989
8,binimetinib,69,0.42478171446418
8,binimetinib,76,0.65501834251455
8,binimetinib,80,0.566402391204475
8,binimetinib,84,0.656020869156739
8,binimetinib,87,0.771114312004894
8,combination,0,0.0
8,combination,5,-1.20524184186098
8,combination,8,-1.648309749234
8,combination,12,-2.73487258110468
8,combination,15,-3.22592162873909
8,combination,19,-2.84867422713956
8,combination,22,-3.31261893125174
8,combination,26,-3.38061157422829
8,combination,29,-3.45456545941492
8,combination,33,-3.06404131189831
8,combination,36,-3.44574451152126
8,combination,40,-3.87881467908835
8,combination,43,-3.19477299153895
8,combination,47,-3.62831114926446
8,combination,50,-3.46023051253965
8,combination,54,-2.58282876196784
8,combination,57,-2.77588288848996
8,combination,64,-2.16772989880463
8,combination,68,-2.03128033297242
8,combination,72,-1.48043813913561
8,combination,75,-1.70471771378359
8,combination,78,-1.89687139450224
8,combination,82,-1.30157425010099
8,combination,85,-0.59882334242451
8,combination,90,-0.978102344669298
9,control,0,0.0
9,control,3,0.0810492413906366
9,control,7,0.124535845041174
9,control,11,0.63631339752411
9,control,13,0.401858451763322
9,control,25,0.909250731182406
9,control,28,1.02812341197977
9,control,32,1.16242238714544
9,BYL719,0,0.0
9,BYL719,4,-0.0193799847714315
9,BYL719,6,-0.140859963176572
9,BYL719,18,-0.438421887221619
9,BYL719,21,-0.391227564012244
9,BYL719,25,-0.320605198431793
9,BYL719,28,-0.262409975807446
9,BYL719,31,-0.212652887238748
9,BYL719,36,0.0969385891391683
9,BYL719,41,-0.101364183053106
9,BYL719,46,0.0982392231302501
9,BYL719,49,0.289499351699711
9,binimetinib,0,0.0
9,binimetinib,3,0.0636014335679793
9,binimetinib,7,0.0482538949731426
9,binimetinib,11,-0.0097091509371471
9,binimetinib,13,0.145179680633896
9,binimetinib,25,0.305738430137751
9,binimetinib,28,0.145491022473209
9,binimetinib,32,0.618881327899733
9,binimetinib,35,0.413461907098793
9,binimetinib,38,0.514455609996712
9,binimetinib,43,0.583397407546858
9,binimetinib,48,0.710047447288847
9,binimetinib,53,0.789420504854859
9,binimetinib,56,0.762517868386805
9,binimetinib,60,1.0330446152403
9,binimetinib,68,1.272930564379
9,binimetinib,82,1.52137757543202
9,binimetinib,88,1.58936181573692
9,binimetinib,92,1.79738213383979
9,binimetinib,97,1.8630311544006
9,binimetinib,101,1.93850395680109
9,binimetinib,106,1.91152928892072
9,binimetinib,116,2.10068535496646
9,binimetinib,121,2.23363711981303
9,binimetinib,129,2.24100088716633
9,combination,0,0.0
9,combination,4,-0.308352244579613
9,combination,6,-0.551278916942543
9,combination,18,-2.00946784755145
9,combination,21,-1.83702619035945
9,combination,25,-2.138359542581
9,combination,28,-2.58433274315469
9,combination,31,-2.03241344535871
9,combination,36,-2.14797756803112
9,combination,41,-2.06063829463725
9,combination,46,-1.48566978594721
9,combination,49,-2.13116081242673
9,combination,53,-2.06667826133866
9,combination,61,-1.39385383279383
9,combination,68,-0.738061287582867
9,combination,75,-0.644342825011875
9,combination,81,-0.576611589697464
9,combination,85,-0.768834050136586
9,combination,90,-0.283364930328129
9,combination,94,-0.41697684493635
9,combination,99,0.0370244136116664
9,combination,109,0.264822311561011
9,combination,114,0.901665609665563
9,combination,122,0.921244751396616
10,control,0,0.0
10,control,3,0.0987422326359097
10,control,7,0.34543611032591
10,control,10,0.47201233927473
10,control,13,0.554825474576958
10,control,16,0.56767843207583
10,control,19,0.882976622759973
10,control,23,0.84975039848419
10,control,27,1.07512793997284
10,control,31,1.0964631266841
10,control,34,1.23006053222837
10,control,37,1.23026115869823
10,control,40,1.2909704478234
10,control,43,1.38475637880236
10,BYL719,0,0.0
10,BYL719,2,-0.0869932795445822
10,BYL719,7,-0.145858074259074
10,BYL719,10,-0.0883190383962274
10,BYL719,13,-0.208915449396747
10,BYL719,17,-0.165733468315117
10,BYL719,21,0.0653133636917816
10,BYL719,24,-0.021433325756782
10,BYL719,28,0.073497668418147
10,BYL719,31,-0.0098777965400625
10,BYL719,33,-0.0748490623256958
10,BYL719,37,0.110275097501824
10,BYL719,40,0.204257285407481
10,BYL719,44,0.288404453640266
10,binimetinib,0,0.0
10,binimetinib,3,0.0275009387319065
10,binimetinib,6,-0.200790416622579
10,binimetinib,10,-0.0663353502107512
10,binimetinib,13,-0.0940920268824089
10,binimetinib,16,-0.21683561005122
10,binimetinib,20,-0.198044973287077
10,binimetinib,25,-0.208662561614468
10,binimetinib,28,-0.0771474557125583
10,binimetinib,31,0.146151592930532
10,binimetinib,35,-0.0059519533951593
10,binimetinib,39,0.171738325191165
10,binimetinib,42,0.148389984471971
10,binimetinib,46,0.514910508214944
10,binimetinib,49,0.363542519056864
10,binimetinib,51,0.410421273782925
10,binimetinib,55,0.646651512905774
10,binimetinib,58,0.718509440348717
10,binimetinib,62,0.911697886073167
10,binimetinib,65,0.862042515993529
10,binimetinib,68,0.904312652669904
10,binimetinib,71,0.979261624062451
10,binimetinib,74,0.80849596254852
10,binimetinib,78,1.10561786587644
10,binimetinib,82,1.29005201447952
10,binimetinib,86,1.34096459202535
10,binimetinib,89,1.45706512493727
10,combination,0,0.0
10,combination,2,-0.0557677513507502
10,combination,6,-0.90774789751139
10,combination,10,-1.35432323076592
10,combination,13,-1.79343837044511
10,combination,17,-1.94397777226076
10,combination,20,-2.3850808861886
10,combination,25,-2.85314176947153
10,combination,30,-2.41545914380108
10,combination,34,-2.31108450847791
10,combination,38,-2.3230793759433
10,combination,42,-2.87421627858608
10,combination,46,-1.84435867339876
11,control,0,0.0
11,control,4,0.123329044561582
11,control,7,0.345089145543541
11,control,10,0.407703287410908
11,control,14,0.452620471663564
11,control,21,1.00593038691255
11,control,25,1.11855746481861
11,control,28,1.22051864185151
11,control,31,1.29098072258413
11,control,35,1.37077261666096
11,control,38,1.69000340735113
11,BYL719,0,0.0
11,BYL719,4,0.0101055663341513
11,BYL719,7,-0.0669012186285888
11,BYL719,11,-0.0001828607351487
11,BYL719,14,0.0582730443908741
11,BYL719,18,0.0722373603564387
11,BYL719,23,0.182233108272932
11,BYL719,26,0.501879247628051
11,BYL719,29,0.464634876687849
11,BYL719,32,0.377491970478469
11,BYL719,36,0.609293275988564
11,BYL719,39,0.622688580807684
11,BYL719,42,0.847565745214825
11,BYL719,47,0.9219807243641
11,BYL719,50,0.958369823828073
11,BYL719,53,1.18584603969771
11,BYL719,56,1.10496186669704
11,BYL719,60,1.25677622530843
11,BYL719,63,1.22585518204479
11,BYL719,67,1.41390343499072
11,BYL719,70,1.39247229664177
11,BYL719,74,1.77219999531915
11,BYL719,77,1.75892431659646
11,BYL719,81,1.72857210199829
11,BYL719,84,1.79092771140338
11,BYL719,88,2.05972376042599
11,BYL719,91,1.96088408253932
11,binimetinib,0,0.0
11,binimetinib,3,0.0090759576863819
11,binimetinib,6,0.0244900041986851
11,binimetinib,17,0.537154996954347
11,binimetinib,21,0.34520817022764
11,binimetinib,24,0.450219261872585
11,binimetinib,27,0.732194745110095
11,binimetinib,31,0.707571271981046
11,binimetinib,34,0.820306517062128
11,binimetinib,38,0.908612016252362
11,binimetinib,41,0.975469752241674
11,binimetinib,45,1.00390970965802
11,binimetinib,50,1.24037582607587
11,binimetinib,53,1.33562627520411
11,binimetinib,56,1.42003893957
11,binimetinib,59,1.38727105959053
11,binimetinib,63,1.47247482034694
11,binimetinib,66,1.79920328620191
11,binimetinib,69,1.61079066821563
11,binimetinib,74,1.83726724363935
11,binimetinib,77,1.89987137242201
11,binimetinib,80,1.89264385389883
11,binimetinib,83,2.02293729604402
11,binimetinib,87,2.28677036312318
11,combination,0,0.0
11,combination,3,-0.508173877205602
11,combination,7,-0.776173294638466
11,combination,12,-1.09299981181508
11,combination,15,-1.51714220366295
11,combination,18,-1.21568501557847
11,combination,21,-1.44054948621285
11,combination,25,-1.23038522927851
11,combination,28,-1.63934140119138
11,combination,31,-0.878625512810175
11,combination,36,-1.10093303902352
11,combination,39,-0.857671620805921
11,combination,42,-0.923095025156239
11,combination,45,-1.20962251324542
11,combination,49,-1.08892723520393
11,combination,52,-0.850242459623338
11,combination,56,-0.288117680529989
11,combination,59,-0.561085073339804
11,combination,63,-0.677467863292722
11,combination,66,0.432289297636174
11,combination,70,0.279155578445185
11,combination,73,-0.149467174909499
11,combination,77,0.453954104082464
11,combination,80,-0.0225431590816365
11,combination,84,0.251381246925118
12,control,0,0.0
12,control,4,0.315810631402254
12,control,7,0.430196772523162
12,control,13,0.489207813674796
12,control,19,0.787959964045916
12,control,24,0.894443880814686
12,control,28,1.24259085157119
12,control,32,1.47792667063428
12,control,35,1.54478936980954
12,control,40,1.50011668595452
12,BYL719,0,0.0
12,BYL719,4,0.138687482286003
12,BYL719,7,-0.161232343746681
12,BYL719,13,0.0762813905888625
12,BYL719,19,0.0667418996279857
12,BYL719,24,0.318898385698107
12,BYL719,28,0.472219291466587
12,BYL719,32,0.503120452354402
12,BYL719,35,0.538172758206593
12,BYL719,40,0.807417560519392
12,binimetinib,0,0.0
12,binimetinib,6,-0.0798355795239525
12,binimetinib,12,-0.171899070366985
12,binimetinib,17,0.0076879603028689
12,binimetinib,21,-0.134220889984654
12,binimetinib,25,0.0003114738010981
12,binimetinib,28,0.130219941114485
12,binimetinib,33,0.213019139284385
12,binimetinib,39,0.444775874924933
12,binimetinib,42,0.55334454345782
12,binimetinib,45,0.382748955835761
12,binimetinib,49,0.688720464571088
12,binimetinib,53,0.859493367713085
12,binimetinib,56,0.843175356254379
12,binimetinib,60,0.979368451041936
12,binimetinib,66,1.11821024121397
12,binimetinib,70,1.2189298462084
12,binimetinib,75,1.16681447994393
12,binimetinib,77,1.38390112369659
12,binimetinib,81,1.49849282114011
12,binimetinib,84,1.65374182923226
12,binimetinib,88,1.68084135423122
12,binimetinib,91,1.92543713407084
12,combination,0,0.0
12,combination,4,-0.585291306138783
12,combination,7,-1.50894803182805
12,combination,13,-0.966618156028655
12,combination,19,-1.85304578860163
12,combination,24,-1.58469393278139
12,combination,28,-1.88709428215197
12,combination,35,-2.43655802495036
12,combination,40,-1.26804051878784
12,combination,46,-1.39522818030237
12,combination,49,-1.26718251461691
12,combination,52,-1.24296813064349
12,combination,56,-1.3956579240113
12,combination,60,-1.15231424854041
12,combination,63,-0.728424486756721
12,combination,67,-0.563693580487046
12,combination,73,0.108153908717664
12,combination,77,-0.358659425332037
12,combination,82,0.107307684621516
12,combination,84,0.219084686234877
12,combination,88,0.463401992728298
12,combination,91,0.612475608548866
12,combination,95,0.923627225297836
13,control,0,0.0
13,control,3,0.338231849838628
13,control,7,0.422699107798123
13,control,10,0.682348157512659
13,control,13,0.7975123210013
13,control,16,1.00617025217554
13,control,21,1.02812321573535
13,control,24,1.26591305794722
13,control,28,1.46352614950311
13,control,31,1.62677753434682
13,control,34,1.69594630504443
13,control,39,1.95389657586153
13,control,42,2.10514643064151
13,control,43,1.81778181064925
13,BYL719,0,0.0
13,BYL719,3,-0.0454021414890283
13,BYL719,7,0.0803047587624937
13,BYL719,10,-0.0806659003861167
13,BYL719,13,0.0411990485249143
13,BYL719,18,0.318365321035619
13,BYL719,21,0.310671511943158
13,BYL719,24,0.397921015748056
13,BYL719,27,0.468177723887008
13,BYL719,31,0.766515421100178
13,BYL719,34,0.845716267518245
13,BYL719,38,1.36933752825088
13,BYL719,41,1.31105345931
13,BYL719,45,1.33656707760425
13,BYL719,48,1.37370892781743
13,BYL719,52,1.5462898743953
13,BYL719,55,1.72440305966841
13,binimetinib,0,0.0
13,binimetinib,3,0.126004156547755
13,binimetinib,6,0.385351552848682
13,binimetinib,9,0.598208771430028
13,binimetinib,14,0.665443769722423
13,binimetinib,17,0.793510313331992
13,binimetinib,21,0.962923194535963
13,binimetinib,24,0.941258157678047
13,binimetinib,27,1.20452678731661
13,binimetinib,32,1.29729761680367
13,binimetinib,35,1.51589908172532
13,binimetinib,38,1.60498059451782
13,binimetinib,41,1.66372738695987
13,binimetinib,45,1.84609616452138
13,binimetinib,48,1.80643353743932
13,binimetinib,52,1.97111401814964
13,binimetinib,55,1.9704774798239
13,binimetinib,59,2.28518871113499
13,binimetinib,62,2.2953167837511
13,binimetinib,66,2.53636233461435
13,binimetinib,69,2.44599846273281
13,binimetinib,73,2.62158098493701
13,binimetinib,76,2.62483534616904
13,binimetinib,78,2.91016835602511
13,combination,0,0.0
13,combination,3,-0.652269764303995
13,combination,7,-0.457658203987818
13,combination,10,-0.915245276294283
13,combination,13,-0.888460485530479
13,combination,18,-0.391192468248482
13,combination,21,-0.272879713177522
13,combination,24,-0.716625427260855
13,combination,27,-0.639274676626122
13,combination,31,0.119583660777587
13,combination,34,-0.255764627424279
13,combination,38,0.210994540117849
13,combination,41,-0.0165605471304895
13,combination,43,0.909003467799512
14,control,0,0.0
14,control,3,0.0729556370109693
14,control,7,0.314859410946657
14,control,10,0.486758882311969
14,control,14,0.552618324153975
14,control,17,0.64407989091019
14,control,23,0.876014608861239
14,control,30,0.896826241678909
14,control,35,1.49886111405847
14,BYL719,0,0.0
14,BYL719,2,-0.106333173166804
14,BYL719,9,-0.166231324436582
14,BYL719,14,0.0126165369928954
14,BYL719,17,-0.237364410127728
14,BYL719,21,-0.236468091942889
14,BYL719,24,-0.21289521988616
14,BYL719,28,0.0330073318352952
14,BYL719,32,-0.132234652899575
14,BYL719,38,0.272262495074441
14,BYL719,42,0.405762495886135
14,binimetinib,0,0.0
14,binimetinib,3,0.153732215587711
14,binimetinib,7,-0.0723997459742585
14,binimetinib,10,-0.167666761700084
14,binimetinib,16,-0.276929683638014
14,binimetinib,23,0.0851701761389475
14,binimetinib,28,-0.0311730218785676
14,binimetinib,31,0.130539877315491
14,binimetinib,35,0.101030139233072
14,binimetinib,38,0.298747139418547
14,binimetinib,42,0.479339795766642
14,binimetinib,46,0.584005526075211
14,binimetinib,52,0.662544470753099
14,binimetinib,56,0.794706345685333
14,binimetinib,59,0.743635847958089
14,binimetinib,63,0.839715531795509
14,binimetinib,66,1.17395957023193
14,binimetinib,71,1.1572418809135
14,binimetinib,74,1.27345614848993
14,binimetinib,77,1.37670026126964
14,binimetinib,80,1.46499551859753
14,binimetinib,84,1.63277235869139
14,binimetinib,87,1.58435649734548
14,binimetinib,91,1.63271038388013
14,combination,0,0.0
14,combination,5,-0.989951861490168
14,combination,8,-1.74467374213734
14,combination,12,-1.78909362452771
14,combination,15,-1.66922059312216
14,combination,19,-2.11751239940398
14,combination,23,-1.84877615274438
14,combination,29,-2.59229231949636
14,combination,33,-2.72451969218066
14,combination,36,-1.9287390573875
14,combination,40,-2.1591918284816
14,combination,43,-2.26570255510364
14,combination,48,-1.83645214018581
14,combination,51,-1.59798729346581
14,combination,54,-1.33394217903695
14,combination,57,-1.61639636035661
14,combination,61,-1.08007123232563
14,combination,64,-0.761581029961254
14,combination,69,-0.341565817844709
14,combination,72,-0.753081761910634
14,combination,76,-0.653305824888946
14,combination,79,-0.364686874456198
14,combination,83,-0.137415191766078
14,combination,86,0.127686055744519
14,combination,89,-0.206013337051921
15,control,0,0.0
15,control,4,0.155768977926508
15,control,7,0.410954646289922
15,control,11,0.480340651962537
15,control,14,0.571182717200914
15,control,18,0.777822021062303
15,control,21,0.986346198219334
15,control,25,1.06826462717314
15,control,31,1.29414963420424
15,control,35,1.37587282327301
15,control,39,1.63985299560714
15,control,42,1.73529569872722
15,control,46,1.76028890431305
15,control,49,1.77726139842742
15,control,52,1.99272632151779
15,control,56,1.9471184536968
15,control,59,2.16365005337254
15,control,62,2.22903081762642
15,control,67,2.41837390247322
15,control,70,2.44600315520317
15,BYL719,0,0.0
15,BYL719,2,-0.0204052473721492
15,BYL719,6,-0.0598621814678877
15,BYL719,9,-0.342782751453288
15,BYL719,13,-0.146058339685513
15,BYL719,19,-0.185031103996575
15,BYL719,23,-0.357666106979672
15,BYL719,27,-0.320483887671745
15,BYL719,30,-0.241942322605104
15,BYL719,34,-0.0940972990855762
15,BYL719,37,-0.170807974917962
15,BYL719,40,0.0825562538942187
15,BYL719,44,0.0864131904692222
15,BYL719,47,0.182762961133809
15,BYL719,50,0.201703983352443
15,BYL719,55,0.492257313426657
15,BYL719,58,0.673351275871154
15,BYL719,61,0.572783861434767
15,BYL719,64,0.851522693121487
15,BYL719,68,0.847792710563599
15,BYL719,70,0.951086666746151
15,binimetinib,0,0.0
15,binimetinib,4,0.109602352102095
15,binimetinib,7,0.0518317967663505
15,binimetinib,11,-0.0534226693927734
15,binimetinib,14,0.207711161326606
15,binimetinib,18,0.164685851080718
15,binimetinib,21,0.408103388393958
15,binimetinib,25,0.45437091207528
15,binimetinib,31,0.565174013713753
15,binimetinib,35,0.535082769184688
15,binimetinib,39,0.638721261948999
15,binimetinib,42,1.09104116520512
15,binimetinib,46,0.929253608294039
15,binimetinib,49,0.992013706199265
15,binimetinib,52,0.952860796799492
15,binimetinib,56,1.25023873962709
15,binimetinib,59,1.37160991608247
15,binimetinib,62,1.41853352864517
15,binimetinib,67,1.68232198424886
15,binimetinib,70,1.63686517529793
15,binimetinib,73,1.66425076341574
15,binimetinib,76,1.96747336262463
15,binimetinib,80,1.8886879775916
15,binimetinib,83,2.02622665424123
15,binimetinib,86,2.11521530629338
15,binimetinib,89,2.17284745209238
15,combination,0,0.0
15,combination,3,-0.548048830713074
15,combination,7,-1.09847383319614
15,combination,13,-1.04616661104304
15,combination,17,-1.67665784959883
15,combination,21,-1.9101683627878
15,combination,24,-1.92662547404727
15,combination,28,-2.34371980942524
15,combination,31,-2.3982597344413
15,combination,34,-2.25528228166477
15,combination,38,-2.28052330130346
15,combination,41,-2.13978472972528
15,combination,44,-2.37317671146965
15,combination,49,-2.11630413587285
15,combination,52,-2.09995719867008
15,combination,55,-1.88012792071724
15,combination,58,-1.5791374398088
15,combination,62,-1.78085369775479
15,combination,65,-1.14269362732546
15,combination,68,-1.10907960127839
15,combination,71,-1.38756353160196
15,combination,76,-0.871826639058093
15,combination,79,-1.33273216216824
15,combination,83,-1.22671376618471
15,combination,86,-0.823110890741976
15,combination,89,-0.0743430722676139
15,combination,90,0.099149117132928
16,control,0,0.0
16,control,3,0.175956508131727
16,control,8,0.489397528047198
16,control,11,0.596069474786968
16,control,14,0.773001040325966
16,control,17,0.806970632416155
16,control,21,0.853188817465868
16,control,24,1.18436787439698
16,control,29,1.34737700751686
16,control,31,1.42381624026679
16,control,35,1.53422005338585
16,control,38,1.88568465040299
16,control,43,1.89939665345281
16,control,46,1.97591954779104
16,control,50,2.26934913608623
16,control,53,2.1733074206712
16,control,60,2.46402587456841
16,control,63,2.7000374379598
16,BYL719,0,0.0
16,BYL719,3,-0.177154225641771
16,BYL719,8,0.0342933773183939
16,BYL719,13,-0.204172449563149
16,BYL719,16,-0.284191744874805
16,BYL719,20,-0.224471051227331
16,BYL719,23,-0.0790578367113354
16,BYL719,31,-0.0179871907400544
16,BYL719,34,-0.14638143360164
16,BYL719,37,0.0652655708762372
16,BYL719,41,0.234411139933349
16,BYL719,44,0.232046212482687
16,BYL719,49,0.499911222860082
16,BYL719,51,0.424823035545457
16,BYL719,55,0.678012556814523
16,BYL719,58,0.786236122514504
16,BYL719,63,0.907696929503244
16,BYL719,64,0.875483959923989
16,BYL719,66,1.12646129533623
16,BYL719,70,1.11389958227816
16,BYL719,73,1.28794968565125
16,BYL719,79,1.22641313932944
16,BYL719,83,1.55968721806179
16,BYL719,87,1.64368570054985
16,binimetinib,0,0.0
16,binimetinib,3,0.0747932217493669
16,binimetinib,7,0.156113489586844
16,binimetinib,9,0.102688503541093
16,binimetinib,13,0.267021988363604
16,binimetinib,17,0.238243494392367
16,binimetinib,22,0.582727991844615
16,binimetinib,27,0.623822448922972
16,binimetinib,30,0.623264282152645
16,binimetinib,35,0.555659973900483
16,binimetinib,42,0.973494743644017
16,binimetinib,46,1.13427546743756
16,binimetinib,52,1.35924871129718
16,binimetinib,57,1.43731328434952
16,combination,0,0.0
16,combination,5,-1.31833695573279
16,combination,8,-1.07091178572421
16,combination,12,-1.97932054415651
16,combination,15,-1.9548921832673
16,combination,20,-1.77441837670921
16,combination,23,-1.71629762993833
16,combination,26,-1.9814283762452
16,combination,29,-2.52410657929914
16,combination,33,-2.86888176442686
16,combination,36,-2.30171139233415
16,combination,41,-2.19716204870693
16,combination,43,-2.16627610229516
16,combination,47,-2.00030246274392
16,combination,50,-2.41192548447411
16,combination,55,-1.64831368706015
16,combination,56,-1.62525158946718
16,combination,61,-1.45271464921562
16,combination,65,-1.36735114491108
16,combination,71,-0.93666521676743
16,combination,75,-1.10610449087469
16,combination,79,-1.11368846473192
16,combination,83,-0.662503881542915
16,combination,85,0.0604834020665215
16,combination,89,-0.183386796711657
17,control,0,0.0
17,control,5,0.394757207811688
17,control,8,0.725478461498767
17,control,11,0.564274719173793
17,control,14,0.945150366031
17,control,18,0.863228646157
17,control,21,1.17219300686953
17,control,25,1.34448874264473
17,control,28,1.49716813150329
17,control,33,1.62337466668261
17,BYL719,0,0.0
17,BYL719,3,-0.17635350435937
17,BYL719,9,-0.01568782906303
17,BYL719,15,0.0086734804172881
17,BYL719,20,0.165810410185822
17,BYL719,24,-0.0471582017500719
17,BYL719,28,0.281699373058525
17,BYL719,31,0.47835120641475
17,BYL719,36,0.559707115103479
17,BYL719,42,0.759355932174256
17,BYL719,45,0.756699348729124
17,BYL719,48,0.85605452925534
17,BYL719,52,0.787520214636539
17,BYL719,56,1.10679149540678
17,BYL719,59,1.22922753473233
17,BYL719,63,1.21148514448428
17,BYL719,69,1.35986108428306
17,BYL719,73,1.70527967928916
17,BYL719,78,1.67426714036584
17,BYL719,80,1.79963187671868
17,BYL719,84,1.90020135990114
17,BYL719,87,1.96387524097702
17,BYL719,91,2.19019886802832
17,BYL719,94,2.09552875507708
17,binimetinib,0,0.0
17,binimetinib,4,-0.145897788270664
17,binimetinib,8,-0.423195250426716
17,binimetinib,11,-0.419797008234102
17,binimetinib,15,-0.33038032378992
17,binimetinib,18,-0.376610782784364
17,binimetinib,22,-0.48920596645117
17,binimetinib,25,-0.315991981574796
17,binimetinib,31,-0.121136254379703
17,binimetinib,37,-0.173437812364224
17,binimetinib,42,0.226864299870275
17,combination,0,0.0
17,combination,5,-1.57478142649566
17,combination,8,-2.69377897035595
17,combination,12,-2.2497693897686
17,combination,18,-2.66165392082686
17,combination,22,-2.79254830380225
17,combination,27,-3.16572289449382
17,combination,29,-3.12660622387273
17,combination,33,-2.77897047001914
17,combination,36,-3.48084241925229
17,combination,40,-3.20803819914786
17,combination,44,-3.32776876358698
17,combination,47,-3.02204065440898
17,combination,50,-3.26557967031993
17,combination,54,-2.73729704357566
17,combination,60,-2.75557443697041
17,combination,66,-1.97351145130733
18,control,0,0.0
18,control,3,0.0645998246078406
18,control,7,0.485157734057765
18,control,10,0.523495793958189
18,control,13,0.763066662735599
18,control,16,0.747038451290089
18,control,19,1.19745117952155
18,control,23,1.23731601687908
18,control,27,1.3088873335452
18,control,33,1.62881904809082
18,control,38,1.80787752157104
18,control,42,2.17755534177804
18,control,49,2.39724530393328
18,control,55,2.50680751455214
18,control,61,2.71794243606198
18,control,68,2.97250067256104
18,control,73,3.03423114974217
18,control,77,3.35125741951697
18,BYL719,0,0.0
18,BYL719,3,0.0490660028504699
18,BYL719,7,-0.188538339882064
18,BYL719,10,-0.100986116393456
18,BYL719,14,-0.0215815872460748
18,BYL719,17,-0.0423198886285443
18,BYL719,20,0.239412495661553
18,BYL719,23,0.144382841883154
18,BYL719,27,0.243685288772638
18,BYL719,33,0.403582232177785
18,BYL719,36,0.653893663336843
18,BYL719,40,0.494034183691412
18,BYL719,44,0.671615729395805
18,BYL719,48,1.11846526808021
18,binimetinib,0,0.0
18,binimetinib,5,-0.0053918467305479
18,binimetinib,9,0.155790213953456
18,binimetinib,12,0.0486061769534718
18,binimetinib,16,-0.0069362462751183
18,binimetinib,19,0.152042325664177
18,binimetinib,22,0.39201692816878
18,binimetinib,26,0.487792437082456
18,binimetinib,30,0.444447109748098
18,binimetinib,34,0.826780461147718
18,binimetinib,37,0.766151093092265
18,binimetinib,41,0.843714992843779
18,binimetinib,46,1.00517718195314
18,binimetinib,53,1.37592282401896
18,combination,0,0.0
18,combination,4,-0.76420211023711
18,combination,7,-1.15040524366184
18,combination,11,-1.64753989719363
18,combination,14,-1.68241597806001
18,combination,17,-1.75077857923141
18,combination,20,-1.56150965767953
18,combination,23,-1.96547446203589
18,combination,27,-1.79798853280475
18,combination,30,-2.41478339475414
18,combination,34,-1.5667223570722
18,combination,37,-2.08880201206284
18,combination,40,-2.5488207296535
18,combination,43,-1.76996327628268
18,combination,47,-1.58381152794791
18,combination,50,-1.93611198571338
18,combination,52,-1.48761639170806
18,combination,56,-1.49553417258402
18,combination,59,-1.39769644632107
18,combination,63,-1.25315017336659
18,combination,66,-0.691672980939332
18,combination,69,-0.570698928851997
18,combination,72,-0.211440309665551
18,combination,75,-0.859338493206905
18,combination,79,-0.140277884102373
18,combination,83,0.48324226736998
18,combination,87,0.419708075387867
18,combination,90,0.0862448086113217
19,control,0,0.0
19,control,4,-0.0353083846621001
19,control,7,0.344073705874426
19,control,11,0.648861560113815
19,control,14,0.745549572829355
19,control,18,0.779415468475164
19,control,23,0.928977759430042
19,control,26,0.977836181317472
19,control,29,1.07123881265703
19,control,32,1.36028821517668
19,control,36,1.33289512178916
19,control,39,1.47794726342195
19,control,42,1.42807677990315
19,control,47,1.68291171734829
19,BYL719,0,0.0
19,BYL719,3,-0.187821651402279
19,BYL719,7,-0.246895961088954
19,BYL719,12,-0.335825322083609
19,BYL719,15,-0.282604111759798
19,BYL719,18,-0.358750813880586
19,BYL719,21,-0.260202982325344
19,BYL719,25,-0.18022681498065
19,BYL719,28,-0.165167221843511
19,BYL719,31,-0.127826426403897
19,BYL719,36,0.195723904234244
19,binimetinib,0,0.0
19,binimetinib,4,0.0726875720601953
19,binimetinib,7,0.159906504053728
19,binimetinib,11,0.0955210134094609
19,binimetinib,14,0.1796999750979
19,binimetinib,18,0.209587023144377
19,binimetinib,23,0.215360255128797
19,binimetinib,26,0.536118913981181
19,binimetinib,29,0.577893995889068
19,binimetinib,32,0.423656863544637
19,binimetinib,36,0.57292346298437
19,binimetinib,39,0.834065102428863
19,binimetinib,42,0.806771284663086
19,binimetinib,47,1.00893037054349
19,binimetinib,50,1.30340661437644
19,binimetinib,53,1.22661968006171
19,binimetinib,56,1.30568846620917
19,binimetinib,60,1.38095314875996
19,binimetinib,63,1.55660894701742
19,binimetinib,67,1.50025028223677
19,binimetinib,70,1.75976412403858
19,binimetinib,74,1.60719950618509
19,binimetinib,77,1.78353964849632
19,binimetinib,81,1.87097224823496
19,binimetinib,84,1.96957172347767
19,binimetinib,88,2.10540999281579
19,binimetinib,91,2.03820994670131
19,combination,0,0.0
19,combination,3,-0.765104907219951
19,combination,7,-0.944437268284985
19,combination,10,-1.46303807927996
19,combination,13,-1.58160659541705
19,combination,18,-2.05978627647959
19,combination,21,-1.99044489182395
19,combination,24,-2.61502616524149
19,combination,27,-1.11934273990033
19,combination,31,-2.18283695189829
19,combination,34,-2.26097651203214
19,combination,38,-1.84165874909902
19,combination,41,-1.5217898505722
19,combination,45,-1.0908160853555
19,combination,48,-1.03581168208443
19,combination,52,-1.03553534389
19,combination,55,-0.59133101084359
19,combination,59,-1.18679836019785
19,combination,62,-0.61691833250732
19,combination,66,-0.468829472626847
19,combination,69,-0.63070196675871
19,combination,73,-0.328945526858561
19,combination,77,0.137468112118293
19,combination,80,-0.0886083563739057
19,combination,83,0.428994833190512
19,combination,87,0.411748266662276
20,control,0,0.0
20,control,4,0.0525128905316305
20,control,8,0.33628517822617
20,control,11,0.536087498049488
20,control,14,0.567314823091334
20,control,19,0.945658099129615
20,control,25,1.28950893381947
20,control,29,1.33467414252149
20,BYL719,0,0.0
20,BYL719,6,-0.233642427252498
20,BYL719,12,-0.272923567302781
20,BYL719,16,-0.264611131902662
20,BYL719,23,-0.0494235277953857
20,BYL719,28,0.1247040575944
20,BYL719,33,0.0195184900661666
20,binimetinib,0,0.0
20,binimetinib,4,0.0199647068515777
20,binimetinib,8,0.136213801759916
20,binimetinib,11,0.171230456664749
20,binimetinib,14,0.532295445041611
20,binimetinib,19,0.451427989512714
20,binimetinib,25,0.559453919442987
20,binimetinib,29,0.713751119717737
20,binimetinib,36,0.783026954831281
20,binimetinib,41,1.01574450295479
20,binimetinib,46,1.36359505374338
20,combination,0,0.0
20,combination,6,-0.838177055782588
20,combination,12,-1.64679646094656
20,combination,16,-1.73757738810446
20,combination,19,-1.93951294340284
20,combination,23,-1.85759402849074
20,combination,28,-1.86348548356272
20,combination,33,-1.75939322170614
20,combination,40,-1.43830809568345
20,combination,43,-1.46334512567525
20,combination,48,-1.39973354050928
20,combination,51,-1.73920947935987
20,combination,55,-0.732309760592534
20,combination,58,-0.650175671566042
20,combination,66,-0.592578491091746
20,combination,69,0.0941143484668183
20,combination,71,-0.647325956351902
20,combination,75,-0.145395164618582
20,combination,78,-0.359564980959795
20,combination,83,0.391533220032867
20,combination,88,0.355030665313162
20,combination,92,0.775539171472372
21,control,0,0.0
21,control,5,0.222765745417231
21,control,11,0.539537653286119
21,control,14,0.561522767897027
21,control,21,1.01682117328428
21,control,27,0.889265268935924
21,control,30,1.16906120728041
21,control,33,1.23583376607266
21,control,36,1.28539187727329
21,control,41,1.44958139206323
21,control,44,1.52387544596714
21,control,47,1.50429923590832
21,control,55,1.77815241851821
21,control,62,2.03911935849541
21,control,68,1.85137599922846
21,control,73,2.03353509080258
21,BYL719,0,0.0
21,BYL719,6,0.0348124223065062
21,BYL719,11,0.0658054428650586
21,BYL719,14,0.087049233497192
21,BYL719,17,0.139827630108593
21,BYL719,20,0.04792821823842
21,BYL719,23,0.120407178574318
21,BYL719,26,0.468230922450107
21,BYL719,30,0.297156467998212
21,BYL719,34,0.415285976967656
21,BYL719,38,0.533172939356096
21,BYL719,42,0.728865813954171
21,BYL719,49,0.70700053397055
21,binimetinib,0,0.0
21,binimetinib,4,-0.237802332923189
21,binimetinib,9,-0.159950992978083
21,binimetinib,14,-0.356218205301421
21,binimetinib,17,-0.335275442849117
21,binimetinib,20,-0.320162624474445
21,binimetinib,23,-0.370862895689884
21,binimetinib,27,-0.272889190493547
21,binimetinib,31,-0.258362669902214
21,binimetinib,36,-0.0097609208863895
21,binimetinib,39,-0.0847619151451633
21,binimetinib,43,0.0574299934466752
21,binimetinib,48,0.242524239668092
21,binimetinib,55,0.313229300552047
21,combination,0,0.0
21,combination,5,-0.563257596431069
21,combination,8,-0.890432777347255
21,combination,11,-1.34500580727705
21,combination,14,-1.75275712726305
21,combination,21,-2.75332233603687
21,combination,27,-2.21667032219538
21,combination,30,-2.55752015012319
21,combination,32,-2.37169897368375
21,combination,36,-2.2352784363739
21,combination,40,-2.50369228195328
21,combination,44,-2.32176362655343
21,combination,49,-2.48744941276166
21,combination,53,-2.1455131596298
21,combination,57,-1.8486965797468
21,combination,60,-2.18409638083273
21,combination,64,-1.3005867484932
21,combination,70,-1.63997304064672
22,control,0,0.0
22,control,4,0.168786544811208
22,control,7,0.3819616096221
22,control,11,0.59525053008375
22,control,14,0.391326858738312
22,control,18,0.391396119497995
22,control,21,0.772567781516526
22,control,25,0.931732248555003
22,control,28,0.957096257170137
22,control,32,1.0368704667459
22,control,35,1.28632075195003
22,control,42,1.47113401131913
22,control,46,1.3420240068448
22,control,50,1.54177707855321
22,control,53,1.60792948893676
22,control,56,1.65108609290645
22,control,60,1.73466056244508
22,control,63,1.83230647597158
22,control,68,1.96534056115105
22,control,74,2.16687469004363
22,control,77,2.02225137489037
22,control,81,1.93387442768074
22,control,84,2.23231611544979
22,control,88,2.18217223356196
22,BYL719,0,0.0
22,BYL719,3,-0.130196442345617
22,BYL719,7,-0.319201437670085
22,BYL719,10,-0.285149927441442
22,BYL719,14,-0.672485766520053
22,BYL719,17,-0.532466735968025
22,BYL719,21,-0.467884776156327
22,BYL719,24,-0.642344112459026
22,BYL719,28,-0.632597963415524
22,BYL719,31,-0.56594735607236
22,BYL719,35,-0.424141557747872
22,BYL719,38,-0.49854115236016
22,BYL719,42,-0.560610800105873
22,BYL719,45,-0.411969827048451
22,BYL719,49,-0.448153465824792
22,BYL719,52,-0.351689750618963
22,BYL719,59,-0.100723639157822
22,BYL719,63,-0.177905552026729
22,BYL719,66,0.0120270524625512
22,BYL719,73,0.0105644679813419
22,BYL719,77,0.0282296113000717
22,BYL719,81,0.355928946712758
22,BYL719,84,0.353623603660262
22,BYL719,87,0.356459039430045
22,binimetinib,0,0.0
22,binimetinib,2,-0.0594882280956786
22,binimetinib,5,-0.444288495229454
22,binimetinib,8,-0.658379848199167
22,binimetinib,12,-0.789790023270249
22,binimetinib,15,-0.811987055665301
22,binimetinib,19,-0.999344917875613
22,binimetinib,22,-0.952358211891457
22,binimetinib,26,-1.15324375561896
22,binimetinib,29,-1.18259873533328
22,binimetinib,33,-1.26219158680513
22,binimetinib,36,-1.27472272120404
22,binimetinib,40,-1.06206644173115
22,binimetinib,43,-1.2653993736747
22,binimetinib,47,-1.28475050848042
22,binimetinib,50,-1.02935002599894
22,binimetinib,54,-0.923707782386449
22,binimetinib,57,-0.948439516383388
22,binimetinib,61,-0.766055923323127
22,binimetinib,64,-0.703827462552114
22,binimetinib,68,-0.64872423248111
22,binimetinib,71,-0.538371329568937
22,binimetinib,78,-0.319486411573971
22,binimetinib,82,-0.251606403310719
22,binimetinib,86,-0.140098408556761
22,binimetinib,89,0.0224031480707906
22,combination,0,0.0
22,combination,5,-1.92280448266962
22,combination,8,-2.83568559267178
22,combination,12,-3.18854276177006
22,combination,15,-3.11267936047156
22,combination,19,-4.09741464855244
22,combination,22,-4.7285306901996
22,combination,26,-4.78238934340625
22,combination,29,-5.07776396652662
22,combination,33,-5.28720045792841
22,combination,36,-5.88639831682241
22,combination,40,-5.47213137270285
22,combination,43,-5.68079455064605
22,combination,47,-6.79555978337502
22,combination,50,-5.91979292573638
22,combination,54,-5.89326502994108
22,combination,57,-6.27085777654438
22,combination,64,-5.28699340919024
22,combination,68,-5.81812532431073
22,combination,72,-5.95095715038819
22,combination,75,-5.08679286891907
22,combination,78,-5.19167920084364
22,combination,82,-5.1044849259672
22,combination,85,-4.3670729870986
22,combination,90,-4.5366272332651
23,control,0,0.0
23,control,3,0.190732592126526
23,control,7,0.285887725720123
23,control,10,0.566944628431355
23,control,14,0.700722015026658
23,control,17,0.98168753760218
23,control,21,1.15034702194507
23,control,24,1.14172029961745
23,control,28,1.46693459617211
23,control,32,1.70258747175622
23,control,37,1.98569731664215
23,control,41,2.01974621470836
23,BYL719,0,0.0
23,BYL719,4,-0.0280663636136555
23,BYL719,7,-0.0523745280047433
23,BYL719,11,-0.167196583962118
23,BYL719,13,-0.0903037685011412
23,BYL719,17,-0.205375351271516
23,BYL719,20,0.155850166127799
23,BYL719,24,0.194761873460266
23,BYL719,27,0.11272503214931
23,BYL719,32,0.159924894939365
23,binimetinib,0,0.0
23,binimetinib,4,-0.196102192427362
23,binimetinib,7,-0.079011855493706
23,binimetinib,11,-0.117138377520605
23,binimetinib,14,-0.126027669119424
23,binimetinib,18,-0.102943218534548
23,binimetinib,21,0.0899541503533665
23,binimetinib,25,-0.0251583658635637
23,binimetinib,28,-0.0463479782287018
23,binimetinib,35,0.244681150577389
23,binimetinib,40,0.405116068633327
23,binimetinib,44,0.442295558034605
23,binimetinib,48,0.464077319251691
23,binimetinib,53,0.871059035656335
23,combination,0,0.0
23,combination,3,-0.691372847847271
23,combination,7,-0.882979060799562
23,combination,9,-1.60183152066334
23,combination,13,-2.11432377185173
23,combination,16,-2.33225843349147
23,combination,20,-2.57988711156261
23,combination,23,-3.31273603638717
23,combination,28,-3.28820339179866
24,control,0,0.0
24,control,4,0.159489568378513
24,control,7,0.374011144378138
24,control,11,0.445699675362794
24,control,13,0.507472627225807
24,control,17,0.64517563143215
24,control,21,0.882434251624853
24,control,24,0.858093423064959
24,control,27,0.930889956283721
24,control,28,0.90244827644185
24,control,33,1.05396492851291
24,control,37,1.25455258997052
24,control,40,1.31992147500552
24,BYL719,0,0.0
24,BYL719,5,-0.202486058514539
24,BYL719,8,-0.0819392745627582
24,BYL719,14,-0.243117728660501
24,BYL719,18,-0.326079845744168
24,BYL719,21,-0.304956755746482
24,BYL719,26,-0.0689322807221325
24,BYL719,30,-0.126877247086085
24,BYL719,34,-0.314953047928488
24,BYL719,38,-0.348431015094557
24,BYL719,41,-0.23229604778455
24,BYL719,46,-0.134270756355228
24,binimetinib,0,0.0
24,binimetinib,4,-0.0825513103198318
24,binimetinib,7,-0.0766025903948244
24,binimetinib,10,0.0643776777865559
24,binimetinib,13,0.0681440368159821
24,binimetinib,18,0.164710748850369
24,binimetinib,21,0.0548637066216204
24,binimetinib,25,0.351340563699721
24,binimetinib,27,0.37671080145953
24,binimetinib,31,0.370858488635473
24,binimetinib,34,0.681790894065253
24,combination,0,0.0
24,combination,5,-0.41475054886564
24,combination,8,-0.601667368054739
24,combination,12,-1.24197603489775
24,combination,14,-1.36956447872029
24,combination,18,-1.65573070407859
24,combination,21,-2.46703882506754
24,combination,27,-1.677066707393
24,combination,31,-2.411629985763
24,combination,35,-1.82930082146999
24,combination,39,-2.54644790521157
25,control,0,0.0
25,control,3,0.0563692900831329
25,control,8,0.231699083324966
25,control,14,0.811359280496023
25,control,17,0.761133127376714
25,control,21,0.987390522721945
25,control,24,0.703688747744399
25,control,28,1.10292065165428
25,control,33,1.18787384657273
25,control,37,1.38845182882064
25,BYL719,0,0.0
25,BYL719,5,-0.0595155987946143
25,BYL719,8,-0.0663551954028476
25,BYL719,12,-0.229532920890039
25,BYL719,15,-0.047369183953646
25,BYL719,19,0.0748147155791577
25,BYL719,22,-0.140488018706446
25,BYL719,26,0.209686573387904
25,BYL719,30,0.435534164676585
25,BYL719,34,0.445921569601025
25,binimetinib,0,0.0
25,binimetinib,2,0.0637364562073755
25,binimetinib,6,0.0475360940918301
25,binimetinib,9,0.192193574765185
25,binimetinib,13,0.118481215988648
25,binimetinib,16,0.160613117902359
25,binimetinib,20,0.21272069483423
25,binimetinib,23,0.287365052110388
25,binimetinib,27,0.346677222408283
25,binimetinib,30,0.5633814341187
25,binimetinib,34,0.446772464934333
25,binimetinib,37,0.734257247590655
25,binimetinib,41,0.797369485462743
25,binimetinib,44,0.733343296686251
25,binimetinib,48,0.9209556147748
25,combination,0,0.0
25,combination,5,-0.369477063658545
25,combination,8,-0.35375509694681
25,combination,12,-1.62442518337264
25,combination,15,-1.35996804526873
25,combination,19,-0.868596741011941
25,combination,22,-1.86653616619462
25,combination,26,-1.29709863188415
25,combination,29,-1.48944615845943
25,combination,33,-1.48851497298322
25,combination,36,-1.10368907661703
25,combination,40,-1.36124630780758
25,combination,43,-1.06039642775925
25,combination,50,-0.796876252602192
26,control,0,0.0
26,control,5,0.248758916630995
26,control,8,0.440563623214801
26,control,13,0.846462916092226
26,control,15,0.959215533612302
26,control,18,1.06733775593935
26,control,22,1.19202300954256
26,control,27,1.44970803228702
26,control,30,1.52283504506936
26,control,33,1.60393373168765
26,control,35,1.72285927926645
26,control,39,1.79043950988122
26,control,42,2.07705368373156
26,control,47,2.12202580321288
26,control,53,2.42405274158119
26,control,57,2.48930943274998
26,control,61,2.61419761720254
26,control,67,2.71703470775122
26,control,70,2.72258999152097
26,control,74,3.1371634910333
26,control,78,3.15931020829378
26,control,82,3.10193905949907
26,control,92,3.29163283634103
26,BYL719,0,0.0
26,BYL719,4,0.0550425268254037
26,BYL719,7,-0.104676041828297
26,BYL719,10,0.0615053393147028
26,BYL719,15,-0.0195870839527714
26,BYL719,18,0.0733988210392647
26,BYL719,23,0.306772227471236
26,BYL719,29,0.399764475121259
26,BYL719,32,0.716724066306306
26,BYL719,37,0.571683697428685
26,BYL719,39,0.527464629999836
26,BYL719,42,0.664333701315705
26,BYL719,46,0.961050618034157
26,BYL719,51,0.846165734902294
26,BYL719,54,1.03769634174754
26,BYL719,57,1.12994260831184
26,binimetinib,0,0.0
26,binimetinib,4,-0.133295795829644
26,binimetinib,8,-0.0903837474053307
26,binimetinib,14,0.293208121094724
26,binimetinib,18,0.148116963993985
26,binimetinib,24,0.531271656630873
26,binimetinib,29,0.696558401843409
26,binimetinib,32,0.89471109516038
26,binimetinib,37,1.05848341228799
26,binimetinib,42,1.14009221107504
26,binimetinib,45,1.29670064986595
26,binimetinib,49,1.35441734921139
26,binimetinib,53,1.5594581521505
26,binimetinib,56,1.79627682203302
26,binimetinib,59,1.98266733113318
26,binimetinib,64,1.98726789664646
26,binimetinib,67,2.08166997644349
26,binimetinib,72,2.23445183396274
26,binimetinib,78,2.34410866496073
26,binimetinib,81,2.39953479158985
26,binimetinib,86,2.5784675596216
26,binimetinib,88,2.66343227526763
26,binimetinib,91,2.75203334593986
26,binimetinib,100,3.01224481686749
26,binimetinib,103,2.95756702129478
26,binimetinib,106,3.09871888924196
26,combination,0,0.0
26,combination,4,-0.727146229989791
26,combination,7,-1.16581154198831
26,combination,12,-0.753867480907199
26,combination,18,-2.11291002046575
26,combination,21,-1.69206891330626
26,combination,26,-1.43594325366003
26,combination,28,-2.13183191743037
26,combination,31,-1.69311134388139
26,combination,35,-1.73374808322606
26,combination,40,-1.66215536981864
26,combination,43,-1.50734853793084
26,combination,46,-0.592507926091367
26,combination,48,-1.17815110942714
26,combination,52,-1.07458875228911
26,combination,60,-0.847906283475649
26,combination,66,-0.860832114508467
26,combination,70,-0.232368083227149
26,combination,74,-0.668302285997814
26,combination,80,0.329188188080562
26,combination,83,0.488285435626146
26,combination,87,0.684094431454653
26,combination,91,0.531680842984291
26,combination,95,0.61175919166752
26,combination,105,1.6547475477131
27,control,0,0.0
27,control,4,0.283511300832579
27,control,7,0.352890774066674
27,control,13,0.529575792632765
27,control,17,0.551945463984577
27,control,20,0.861494989861423
27,control,25,0.821061026221525
27,control,28,0.837926652605854
27,control,31,1.03959783595559
27,control,35,1.15356498606872
27,control,39,1.23253239392369
27,control,45,1.51146099130596
27,control,49,1.38330558578656
27,control,55,1.4226543703534
27,control,60,1.53392068220189
27,control,63,1.57846588201803
27,BYL719,0,0.0
27,BYL719,4,-0.156332506435601
27,BYL719,8,-0.44228355500025
27,BYL719,11,-0.603442028630706
27,BYL719,14,-0.580460687137603
27,BYL719,18,-0.776250557289959
27,BYL719,21,-0.80798106590788
27,BYL719,25,-0.590152887595884
27,BYL719,28,-0.675254267696004
27,BYL719,34,-0.782764386063327
27,BYL719,38,-0.754829047503102
27,BYL719,41,-0.879477124720931
27,BYL719,46,-0.601879841080499
27,binimetinib,0,0.0
27,binimetinib,2,-0.0240943109746773
27,binimetinib,6,0.0015766843029185
27,binimetinib,10,-0.0265176575163389
27,binimetinib,13,0.130991905702775
27,binimetinib,16,0.194254195809723
27,binimetinib,20,0.283203546434917
27,binimetinib,23,0.271765475905328
27,binimetinib,27,0.278120563949272
27,combination,0,0.0
27,combination,4,-1.02405079730317
27,combination,8,-1.16729945586719
27,combination,11,-1.99996761313478
27,combination,17,-2.31681621087885
27,combination,21,-2.62717699854638
27,combination,24,-3.07878391709093
27,combination,29,-3.25916184402015
27,combination,32,-2.78992435925055
27,combination,35,-3.22262132843126
27,combination,39,-2.4853801117414
27,combination,43,-3.4143638941176
27,combination,49,-2.23992003076654
27,combination,53,-3.24270897998261
27,combination,59,-2.14788751896548
27,combination,64,-2.36665712468263
27,combination,67,-2.71825336252578
27,combination,72,-1.86688314579659
27,combination,77,-1.19323650259538
27,combination,80,-1.47505173056532
27,combination,84,-1.13589205029571
28,control,0,0.0
28,control,5,0.0893850242227188
28,control,11,0.6201247885391
28,control,15,0.73487852871419
28,control,20,0.868358982165457
28,control,24,1.16512094100759
28,control,29,1.25237521689283
28,control,32,1.36553994058036
28,control,36,1.52117470221306
28,BYL719,0,0.0
28,BYL719,4,-0.113509219110448
28,BYL719,9,-0.0926153149432216
28,BYL719,13,-0.0882029645320943
28,BYL719,18,-0.197692990551555
28,BYL719,21,-0.122176854885695
28,BYL719,25,0.0239110437545862
28,BYL719,29,0.0322522494119096
28,BYL719,33,0.102371892470743
28,BYL719,37,0.390629721682285
28,binimetinib,0,0.0
28,binimetinib,5,-0.0642858460897751
28,binimetinib,11,-0.344467792306047
28,binimetinib,15,-0.264873225931065
28,binimetinib,20,-0.453012631481791
28,binimetinib,24,-0.118854283386408
28,binimetinib,29,-0.269534458641346
28,binimetinib,32,-0.290391205764476
28,binimetinib,36,-0.105545045168661
28,binimetinib,40,0.0131398359170621
28,binimetinib,44,0.0284966908362669
28,binimetinib,49,0.218327832868071
28,binimetinib,54,0.387158924005281
28,binimetinib,57,0.496066720015187
28,combination,0,0.0
28,combination,9,-1.706048575769
28,combination,14,-2.58251607918111
28,combination,17,-2.5405798615622
28,combination,21,-2.9305787158386
28,combination,25,-3.10485631189117
28,combination,29,-3.3057090315968
28,combination,34,-3.73958689905031
28,combination,42,-3.72314953456211
28,combination,46,-3.62021237384847
28,combination,49,-4.06066617960464
28,combination,53,-2.68984306337026
28,combination,56,-2.94103521864906
28,combination,60,-2.68600594802092
28,combination,63,-3.00264919815079
28,combination,69,-2.76586873414947
28,combination,74,-2.49990345770807
28,combination,81,-1.98314948100357
29,control,0,0.0
29,control,3,0.104879011832241
29,control,8,0.507769831862216
29,control,11,0.435601095426085
29,control,15,0.541780141031983
29,control,18,0.763424543169982
29,control,23,0.923333972988128
29,control,26,1.03980605262489
29,control,29,1.17836796235297
29,BYL719,0,0.0
29,BYL719,3,-0.0849817188078475
29,BYL719,6,-0.320569220554762
29,BYL719,11,-0.224909651658764
29,BYL719,14,-0.426407692329259
29,BYL719,17,-0.396107915885261
29,BYL719,20,-0.462344203265312
29,BYL719,24,-0.194307253217362
29,BYL719,27,-0.214482216806815
29,BYL719,32,-0.246389232747708
29,BYL719,34,-0.15729044040361
29,BYL719,38,-0.0212178602251252
29,BYL719,41,-0.128154395631266
29,BYL719,46,0.176088734520094
29,binimetinib,0,0.0
29,binimetinib,5,-0.0916017485055411
29,binimetinib,8,0.111656903735573
29,binimetinib,12,0.214626484688152
29,binimetinib,15,0.269576868505488
29,binimetinib,20,0.200800573448022
29,binimetinib,23,0.365639355230712
29,binimetinib,26,0.46601845159088
29,binimetinib,29,0.418030786982485
29,binimetinib,33,0.589109921022427
29,binimetinib,36,0.558545306645531
29,binimetinib,41,0.673009663139191
29,binimetinib,43,0.952092011569266
29,binimetinib,47,0.932998360117935
29,binimetinib,50,1.12902058159918
29,combination,0,0.0
29,combination,3,-0.369801258653379
29,combination,7,-1.39334159304354
29,combination,10,-1.79008180657497
29,combination,15,-1.56901265535286
29,combination,17,-2.03493911861142
29,combination,21,-2.30956045322796
29,combination,24,-2.2483973998991
29,combination,29,-2.6033815902827
29,combination,30,-2.56772119274365
29,combination,32,-2.56916940534353
29,combination,36,-2.63245471109898
29,combination,39,-1.90933577705131
30,control,0,0.0
30,control,4,0.213317777988203
30,control,14,0.660444207649117
30,control,18,1.00446582337237
30,control,21,1.10868179464104
30,control,25,1.34258040838457
30,control,28,1.36039356596699
30,control,33,1.41933082032906
30,BYL719,0,0.0
30,BYL719,4,0.129400887732722
30,BYL719,7,0.135427535442756
30,BYL719,11,0.052037972519782
30,BYL719,19,0.266374463305757
30,BYL719,26,0.290042161806632
30,BYL719,33,0.374927674875709
30,BYL719,34,0.43975914039162
30,BYL719,39,0.614842758310188
30,BYL719,43,0.656563171647751
30,BYL719,48,0.960470340611745
30,BYL719,52,1.06221981103939
30,BYL719,57,1.14284490621323
30,BYL719,67,1.67944385066653
30,BYL719,72,2.0388476530838
30,BYL719,80,1.97665648510936
30,binimetinib,0,0.0
30,binimetinib,4,0.109057998405176
30,binimetinib,14,0.282282442996095
30,binimetinib,18,0.482117515100441
30,binimetinib,21,0.585194706204511
30,binimetinib,25,0.807983508846017
30,binimetinib,33,1.07681772026239
30,combination,0,0.0
30,combination,9,-0.858990278271729
30,combination,14,-0.951124741280338
30,combination,18,-1.15480130360582
30,combination,23,-0.894309676163877
30,combination,27,-1.29956464861285
30,combination,32,-0.946294569254848
30,combination,42,-1.23454547019732
30,combination,47,-1.16900108822615
30,combination,55,-0.217527729134484
30,combination,62,0.402092580056932
30,combination,66,-0.472712393016029
30,combination,71,0.575042037913152
30,combination,75,0.743162416193397
30,combination,80,0.840276972233804
